id;title;keywords;description;rating;date_added;date_modified
1;Generic Steel Tuna;website calculating;cross-platform support;98666;2020-03-11;2020-03-11
2;wireless Computer;Legacy Dynamic magenta;THX actuating;88209;2020-03-11;2020-03-12
3;Centers Steel Credit Card Account;networks infomediaries;partnerships throughput;54662;2020-03-11;2020-03-11
4;compressing New Zealand initiative;Generic Metal Hat;intranet;48018;2020-03-12;2020-03-11
5;Small Wooden Bike Licensed Wooden Computer Oklahoma;aggregate throughput Practical;mobile distributed Dynamic;80377;2020-03-12;2020-03-11
6;COM Personal Loan Account yellow;Cape Verde;intangible homogeneous;66238;2020-03-11;2020-03-12
7;CSS Liaison;Keyboard;Central Ergonomic Concrete Ball;88292;2020-03-11;2020-03-11
8;methodical;quantifying Cheese rich;South Dakota Underpass virtual;79521;2020-03-11;2020-03-11
9;Fantastic;Sleek Soft Sausages Practical;User-friendly lavender wireless;77577;2020-03-11;2020-03-11
10;Harbors backing up;Massachusetts Checking Account Gorgeous Fresh Ball;Unbranded Steel Computer;64809;2020-03-12;2020-03-11
